title,url,time_added,tags,status
Joel on Software,https://www.joelonsoftware.com/,1566330697,,unread
mp3,http://www.teuthis.com/html/mp3.html,1591021085,c|music|nerd-stuff,unread
http://www.tldp.org/LDP/lkmpg/2.6/html/x44.html,http://www.tldp.org/LDP/lkmpg/2.6/html/x44.html,1542396174,learning|nerd stuff|programming,unread
https://www.topcoder.com,https://www.topcoder.com,1542396010,moneymakers|nerd stuff|programming,unread
Find out what websites are built with - Wappalyzer,https://www.wappalyzer.com/,1653190884,pentesting,unread
http://geekswithblogs.net/renso/archive/2009/07/02/jqgrid-dynamically-loading-select-options.aspx,http://geekswithblogs.net/renso/archive/2009/07/02/jqgrid-dynamically-loading-select-options.aspx,1557351001,,unread
Controllable Power Outlet - SparkFun Electronics,https://www.sparkfun.com/tutorials/119,1605821259,,unread
https://www.corelan.be/index.php/2009/07/19/exploit-writing-tutorial-part-1-stack-based-overflows/,https://www.corelan.be/index.php/2009/07/19/exploit-writing-tutorial-part-1-stack-based-overflows/,1550245128,cybersecurity|nerd stuff|programming,unread
https://opensecuritytraining.info/IntroX86.html,https://opensecuritytraining.info/IntroX86.html,1606026319,c|cybersecurity|tutorials,unread
https://www.laurentluce.com/posts/twitter-sentiment-analysis-using-python-and-nltk/,https://www.laurentluce.com/posts/twitter-sentiment-analysis-using-python-and-nltk/,1550634592,iot|nerd stuff|python|twitter,unread
http://www.multigesture.net/articles/how-to-write-an-emulator-chip-8-interpreter/,http://www.multigesture.net/articles/how-to-write-an-emulator-chip-8-interpreter/,1605829863,,unread
https://www.makeuseof.com/tag/find-active-onion-sites/,https://www.makeuseof.com/tag/find-active-onion-sites/,1545882957,cybersecurity|dark web|helpful-info|tor,unread
"The Flask Mega-Tutorial Part I: Hello, World! - miguelgrinberg.com",https://blog.miguelgrinberg.com/post/the-flask-mega-tutorial-part-i-hello-world,1583935437,nerd-stuff|python,unread
"0 A.D. | A free, open-source game of ancient warfare",https://play0ad.com/,1594949276,gaming|open source|rts,unread
Cookies - Information that websites store on your computer | Firefox Help,https://support.mozilla.org/en-US/kb/cookies-information-websites-store-on-your-computer,1673033925,,unread
Free Porch Swing Plans | MyOutdoorPlans | Free Woodworking Plans and Projec,https://myoutdoorplans.com/bench/free-porch-swing-plans/,1592760604,,unread
Home | nand2tetris,https://www.nand2tetris.org/,1591530425,college-courses|low-level|nerd-stuff,unread
https://www.kitchensoap.com/2012/10/25/on-being-a-senior-engineer/,https://www.kitchensoap.com/2012/10/25/on-being-a-senior-engineer/,1559970889,,unread
ImpBoot: Remotely Turn on a Desktop Computer: 9 Steps (with Pictures),https://www.instructables.com/id/impBoot-Remotely-Turn-on-a-Desktop-Computer/,1577825128,nas|nerd-stuff,unread
"Short, instructional screencast video tutorials for web developers on @eggh",https://egghead.io/,1577131113,front-end|learning|nerd-stuff,unread
Full Stack Python,https://www.fullstackpython.com/,1582776939,design patterns|nerd-stuff|python,unread
GitHub - danielmiessler/SecLists: SecLists is the security tester's compani,https://github.com/danielmiessler/SecLists,1653191124,pentesting,unread
http://www.anujvarma.com/property-bagsa-life-saver-for-the-oo-developers/,http://www.anujvarma.com/property-bagsa-life-saver-for-the-oo-developers/,1551219374,design patterns|nerd stuff|oop design,unread
WtRPM: A Web-based (Wt) suite to power up/down your computers - mupuf.org,https://www.mupuf.org/blog/2013/05/11/wtrpm-a-web-based-wt-suite-to-power-up-slash-down-your-computers/,1577825002,nas|nerd-stuff|raspberry pi,unread
c# - ASP .NET MVC Disable Client Side Validation at Per-Field Level - Stack,https://stackoverflow.com/questions/5630424/asp-net-mvc-disable-client-side-validation-at-per-field-level,1570221794,,unread
Lawrence University: Gene Biringer's Home Page Site,https://www2.lawrence.edu/fast/BIRINGEG/media/theory_funds/,1562641907,music|music lessons|music-theory,unread
Ned Batchelder: Extracting JPGs from PDFs,https://nedbatchelder.com/blog/200712/extracting_jpgs_from_pdfs.html,1580144383,document management|nerd-stuff|python,unread
Watching a directory for file changes with Python | python | BrunoRocha.org,http://brunorocha.org/python/watching-a-directory-for-file-changes-with-python.html,1582775726,,unread
Easy WebSockets with Flask and Gevent - miguelgrinberg.com,https://blog.miguelgrinberg.com/post/easy-websockets-with-flask-and-gevent,1587863184,,unread
https://obsproject.com/forum/resources/how-to-set-up-your-own-private-rtmp-server-using-nginx.50/,https://obsproject.com/forum/resources/how-to-set-up-your-own-private-rtmp-server-using-nginx.50/,1592321247,,unread
https://medium.com/@ageitgey/machine-learning-is-fun-80ea3ec3c471,https://medium.com/@ageitgey/machine-learning-is-fun-80ea3ec3c471,1622736896,,unread
Pricing - JumpCloud,https://jumpcloud.com/pricing,1688069133,cybersecurity|development|security|sso,unread
https://danielmiessler.com/blog/build-successful-infosec-career/,https://danielmiessler.com/blog/build-successful-infosec-career/,1633631002,,unread
Getting Started with UI Automated tests using (Selenium   Python) | ENGINEE,https://engineering.aweber.com/getting-started-with-ui-automated-tests-using-selenium-python/,1578683047,nerd-stuff|programming|python,unread
Matrix.org,https://matrix.org/,1595249048,open source,unread
https://ihealthlabs.eu/en/,https://ihealthlabs.eu/en/,1553442402,health-iot|thesis-websites,unread
LMMS | Home,https://lmms.io/,1594949113,audio editing|music|music tech|open source,unread
https://www.zetetic.net/sqlcipher/open-source/,https://www.zetetic.net/sqlcipher/open-source/,1556204196,android|nerd-stuff|security,unread
https://lifehacker.com/how-to-tap-your-network-and-see-everything-that-happens-1649292940,https://lifehacker.com/how-to-tap-your-network-and-see-everything-that-happens-1649292940,1633238414,,unread
http://shallwelearn.com/blog/set-up-asterisk-server-to-test-linphone/,http://shallwelearn.com/blog/set-up-asterisk-server-to-test-linphone/,1592257587,,unread
Accessing a Secure MQTT Broker with Android,http://rijware.com/accessing-a-secure-mqtt-broker-with-android/,1555544374,android|mqtt|nerd stuff|security,archive
encryption - Securing remotely accessible IP cameras that do not support HT,https://security.stackexchange.com/questions/56779/securing-remotely-accessible-ip-cameras-that-do-not-support-https,1577110592,nerd-stuff|security|web-cams,unread
https://code.org/about/jobs,https://code.org/about/jobs,1607837805,jobs|nonprofit,unread
https://www.cybrary.it/course/malware-analysis/,https://www.cybrary.it/course/malware-analysis/,1542396121,cybersecurity|learning|nerd stuff|programming,unread
LG weboS TV SDK Information and Download - LG webOS Developer Forum - LG we,https://www.lgwebos.com/topic/1803-lg-webos-tv-sdk-information-and-download/,1634497167,cybersecurity|tv,unread
DIGDEEP,https://www.digdeep.org/,1595773461,nonprofit|politics,unread
Online collaborative music notation software - Flat,https://flat.io/,1590101982,music|music-lessons,unread
MIT Challenge | Scott H Young,https://www.scotthyoung.com/blog/myprojects/mit-challenge-2/,1578677622,college-courses|learning|nerd-stuff,unread
https://github.com/qbwaggle/vpnkillswitch/wiki/OpenVPN-with-PIA-VPN,https://github.com/qbwaggle/vpnkillswitch/wiki/OpenVPN-with-PIA-VPN,1546489388,cybersecurity|helpful-info|learning|nerd stuff|privacy,unread
https://ant.design/,https://ant.design/,1626496540,,unread
C# Writing unit tests with NUnit and Moq,https://developerhandbook.com/unit-testing/writing-unit-tests-with-nunit-and-moq/,1595276924,c#|testing|unit tests|visual studio,unread
DIY Speaker Building Guide,https://www.diyaudioandvideo.com/Guide/BuildSpeaker/,1589386892,speakers,unread
Build an Aquaponic Garden with Arduino — Gardening | Make:,https://makezine.com/projects/aquaponic-garden/,1564761639,,unread
OptaPlanner - Vehicle Routing Problem,https://www.optaplanner.org/learn/useCases/vehicleRoutingProblem.html,1635262832,,unread
https://askubuntu.com/questions/594660/how-can-i-get-the-mac-addresses-of-machines-using-python-nmap,https://askubuntu.com/questions/594660/how-can-i-get-the-mac-addresses-of-machines-using-python-nmap,1636214118,,unread
Controlling a stepper motor 28BYJ-48 with a Raspberry Pi | defendtheplanet.,https://defendtheplanet.net/2014/05/04/controlling-a-stepper-motor-28byi-48-with-a-raspberry-pi/,1578602268,,unread
Android Geofencing with Google Maps - DZone Mobile,https://dzone.com/articles/android-geofencing-google-maps,1555473179,android,archive
Wazuh - Open Source XDR. Open Source SIEM.,https://wazuh.com/,1711036194,cybersecurity|nerd-stuff,unread
Connecting PowerShell to SQL Server,https://www.sqlshack.com/connecting-powershell-to-sql-server/,1609969167,,unread
https://www.hackster.io/inmyorbit/build-a-mobile-app-that-connects-to-your-rpi-3-using-ble-7a7c2c,https://www.hackster.io/inmyorbit/build-a-mobile-app-that-connects-to-your-rpi-3-using-ble-7a7c2c,1551543484,,unread
http://www.diegoacuna.me/how-to-run-a-script-as-a-service-in-raspberry-pi-raspbian-jessie/,http://www.diegoacuna.me/how-to-run-a-script-as-a-service-in-raspberry-pi-raspbian-jessie/,1560203171,nerd-stuff|python|raspberry pi,unread
auth0/passport-azure-ad-oauth2: OAuth 2.0 authentication Passport strategie,https://github.com/auth0/passport-azure-ad-oauth2,1684508927,,unread
https://itgeekchronicles.co.uk/2016/04/15/beginners-guide-to-osint-chapter-1/,https://itgeekchronicles.co.uk/2016/04/15/beginners-guide-to-osint-chapter-1/,1547573513,,unread
How to Install and Configure VNC on Ubuntu 16.04 | DigitalOcean,https://www.digitalocean.com/community/tutorials/how-to-install-and-configure-vnc-on-ubuntu-16-04,1576592413,,unread
https://pyautogui.readthedocs.io/en/latest/,https://pyautogui.readthedocs.io/en/latest/,1558496652,,unread
50 Easy Jazz Solos to Transcribe - Learn Jazz Standards,https://www.learnjazzstandards.com/blog/50-easy-jazz-solos-to-transcribe/,1680099264,,unread
How to Work With Geofences on Android,https://code.tutsplus.com/tutorials/how-to-work-with-geofences-on-android--cms-26639,1556507604,android|geofencing|nerd-stuff,archive
New Food Storage Calculator - Food Storage Made Easy,http://foodstoragemadeeasy.net/2016/06/26/new-food-storage-calculator/,1584018898,food storage|prepping,unread
http://www.automatingosint.com/blog/2016/07/dark-web-osint-with-python-and-onionscan-part-one/,http://www.automatingosint.com/blog/2016/07/dark-web-osint-with-python-and-onionscan-part-one/,1547573482,,unread
http://www.automatingosint.com/blog/2016/08/dark-web-osint-with-python-part-two-ssh-keys-and-shodan/,http://www.automatingosint.com/blog/2016/08/dark-web-osint-with-python-part-two-ssh-keys-and-shodan/,1547573516,,unread
js13kGames Tutorial Video Series – GameDev Academy,https://gamedevacademy.org/js13kgames-tutorial-video-series/,1683138791,,unread
Controlling and managing access to a REST API in API Gateway - Amazon API G,https://docs.aws.amazon.com/apigateway/latest/developerguide/apigateway-control-access-to-api.html,1665369875,,unread
PY4E - Python for Everybody,https://www.py4e.com/,1584223436,nerd-stuff|python,unread
Pointing your Namecheap Domain Name to AWS Linux - TechGenix,http://techgenix.com/namecheap-aws-ec2-linux/,1562427983,aws|hosting|namecheap|nerd-stuff,unread
Writing your first Gameboy game,https://medium.com/@ulrikdamm/writing-your-first-gameboy-game-4ea62c76db29,1699211668,,unread
Insanely Easy and Simple React Form Tutorial,https://blog.alexdevero.com/insanely-easy-simple-react-form-tutorial/,1622777624,,unread
https://stackoverflow.com/questions/30738278/ionic-live-reload-not-running-app-on-device,https://stackoverflow.com/questions/30738278/ionic-live-reload-not-running-app-on-device,1550172315,tech-support,unread
https://riseup.net/en/security/network-security/better-web-browsing,https://riseup.net/en/security/network-security/better-web-browsing,1545943418,cybersecurity|nerd stuff|privacy,unread
Docker   Nginx   Let's Encrypt,https://gilyes.com/docker-nginx-letsencrypt/,1638767668,docker|nerd-stuff|ssl,unread
Deploy .NET Core with Docker to EC2 Container Service,https://docs.servicestack.net/deploy-netcore-docker-aws-ecs,1625191319,aws|docker,unread
https://nerdtechy.com/best-bluetooth-enabled-cordless-phones-reviews,https://nerdtechy.com/best-bluetooth-enabled-cordless-phones-reviews,1542395926,bring to christine|possible purchases,unread
Build Your Own Car That Gets 100 Miles Per Gallon | MOTHER EARTH NEWS,https://www.motherearthnews.com/green-transportation/green-vehicles/build-your-own-car-zm0z13amzmar,1626405985,car|diy,unread
https://liveoverflow.com/,https://liveoverflow.com/,1664338175,,unread
https://course.fast.ai/,https://course.fast.ai/,1611620358,,unread
https://medium.com/@ageitgey/machine-learning-is-fun-part-6-how-to-do-speech-recognition-with-deep-learning-28293c162f7a,https://medium.com/@ageitgey/machine-learning-is-fun-part-6-how-to-do-speech-recognition-with-deep-learning-28293c162f7a,1622735873,machine learning|nerd-stuff|speech recognition,unread
https://www.geeksforgeeks.org/twitter-sentiment-analysis-using-python/,https://www.geeksforgeeks.org/twitter-sentiment-analysis-using-python/,1550634982,emotion|nerd stuff|python|twitter,unread
OAuth 2 Simplified • Aaron Parecki,https://aaronparecki.com/oauth-2-simplified/,1574111474,,unread
Differences Between OAuth 1 and 2 - OAuth 2.0 Servers,https://www.oauth.com/oauth2-servers/differences-between-oauth-1-2/,1574112002,oauth|school-project,unread
Ubuntu 16.04 Xenial - FreeSWITCH - Confluence,https://freeswitch.org/confluence/display/FREESWITCH/Ubuntu+16.04+Xenial,1594848726,,unread
Using Amazon Cognito Identity to Authenticate Users - AWS SDK for JavaScrip,https://docs.aws.amazon.com/sdk-for-javascript/v2/developer-guide/loading-browser-credentials-cognito.html,1700804130,,unread
flAWS,http://flaws.cloud/,1675870476,cybersecurity|hacking,unread
https://pimylifeup.com/raspberry-pi-vpn-access-point/,https://pimylifeup.com/raspberry-pi-vpn-access-point/,1546487612,cybersecurity|helpful-info|learning|nerd stuff|tech,unread
https://thisisyetanotherblog.wordpress.com/2017/03/06/neopixels-strip-on-raspberry-pi-zero/,https://thisisyetanotherblog.wordpress.com/2017/03/06/neopixels-strip-on-raspberry-pi-zero/,1549993393,hardware|nerd stuff|programming|raspberry pi,unread
WeMos ESP8266 Remote PC Switch - Hackster.io,https://www.hackster.io/zvonko-bockaj/wemos-esp8266-remote-pc-switch-062c7a,1566269058,,unread
ASP.NET Core MVC app running on Raspberry Pi - Laurent Kempé,https://laurentkempe.com/2017/04/14/ASPNET-Core-MVC-app-running-on-raspberry-pi/,1576531094,asp.net|learning|nerd stuff|nerd-stuff,unread
"Building a Keyword Monitoring Pipeline with Python, Pastebin and Searx | Au",http://www.automatingosint.com/blog/2017/04/building-a-keyword-monitoring-pipeline-with-python-pastebin-and-searx/,1598893999,,unread
https://code.tutsplus.com/tutorials/android-o-how-to-use-notification-channels--cms-28616,https://code.tutsplus.com/tutorials/android-o-how-to-use-notification-channels--cms-28616,1556729895,,archive
https://mtlynch.io/building-a-vm-homelab/,https://mtlynch.io/building-a-vm-homelab/,1617208887,,unread
https://sudomod.com/forum/viewtopic.php?f=22&t=1984,https://sudomod.com/forum/viewtopic.php?f=22&t=1984,1561153785,,unread
https://www.endurojs.com/docs,https://www.endurojs.com/docs,1552059979,software to try|web-dev,unread
https://www.toptal.com/python/twitter-data-mining-using-python,https://www.toptal.com/python/twitter-data-mining-using-python,1549487631,nerd stuff|programming|python,unread
https://s3ctur.wordpress.com/2017/06/19/breaking-into-infosec-a-beginners-curriculum/,https://s3ctur.wordpress.com/2017/06/19/breaking-into-infosec-a-beginners-curriculum/,1546794678,cybersecurity|helpful-info|learning,unread
Deploy a React App to S3 and CloudFront with AWS Mobile Hub | Front-End Web,https://aws.amazon.com/blogs/mobile/deploy-a-react-app-to-s3-and-cloudfront-with-aws-mobile-hub/,1661270509,aws|hosting|react,unread
Integrate the AWS SDK for JavaScript into a React App | Front-End Web & Mob,https://aws.amazon.com/blogs/mobile/integrate-the-aws-sdk-for-javascript-into-a-react-app/,1664136712,aws|hosting|react,unread
https://lichess.org/learn#/,https://lichess.org/learn#/,1551044018,chess|games|nerd stuff,unread
SQLite Tutorial With Example In Android Studio [Step by Step] | Android Dat,https://abhiandroid.com/database/sqlite,1555481808,android,archive
https://physiqonomics.com/fat-loss/,https://physiqonomics.com/fat-loss/,1633606472,diet|fitness,unread
https://www.schneier.com/blog/archives/2017/09/securing_a_rasp.html,https://www.schneier.com/blog/archives/2017/09/securing_a_rasp.html,1550552821,,unread
https://blog.0day.rocks/starting-in-cybersecurity-5b02d827fb54,https://blog.0day.rocks/starting-in-cybersecurity-5b02d827fb54,1548889555,,unread
c0rdis/security-champions-playbook: Security Champions Playbook v 2.1,https://github.com/c0rdis/security-champions-playbook,1677178653,cybersecurity|security-champions|work-related,unread
http://www.imackulatevisiongaming.com/gridironchampions/,http://www.imackulatevisiongaming.com/gridironchampions/,1542753028,gaming|helpful-info|sports,unread
https://null-byte.wonderhowto.com/how-to/host-your-own-tor-hidden-service-with-custom-onion-address-0180159/,https://null-byte.wonderhowto.com/how-to/host-your-own-tor-hidden-service-with-custom-onion-address-0180159/,1542729072,cybersecurity|helpful-info|nerd stuff,unread
https://www.techradar.com/vpn/how-to-build-a-vpn-router,https://www.techradar.com/vpn/how-to-build-a-vpn-router,1545883893,cybersecurity|helpful-info|learning|nerd stuff|privacy|tech,unread
NICE Webinar: Writing Cybersecurity Position Descriptions for the Greatest ,https://www.nist.gov/news-events/events/2018/01/nice-webinar-writing-cybersecurity-position-descriptions-greatest-impact,1555898209,,unread
https://null-byte.wonderhowto.com/how-to/hacks-mr-robot-use-shodan-api-with-python-automate-scans-for-vulnerable-devices-0180975/,https://null-byte.wonderhowto.com/how-to/hacks-mr-robot-use-shodan-api-with-python-automate-scans-for-vulnerable-devices-0180975/,1549159776,,unread
automount - How to make partitions mount at startup? - Ask Ubuntu,https://askubuntu.com/questions/164926/how-to-make-partitions-mount-at-startup,1591479958,,unread
https://www.c-sharpcorner.com/article/using-jqgrid-with-asp-net-mvc/,https://www.c-sharpcorner.com/article/using-jqgrid-with-asp-net-mvc/,1554153190,javascript|mvc|nerd stuff|work,unread
Extraction of text from image using tesseract-ocr engine · Tasdik Rahman,https://tasdikrahman.me/2016/04/04/extraction-of-text-from-image-using-tesseract-ocr-engine/,1579797642,document management|nerd-stuff|python,unread
https://raidforums.com/Announcement-Database-Index-CLICK-ME,https://raidforums.com/Announcement-Database-Index-CLICK-ME,1617502690,,unread
Build a DIY Coffee Table ‹ Build Basic,https://build-basic.com/build-a-diy-coffee-table/#.XKeMWOhKhhE,1598129846,,unread
A Docker Tutorial for Beginners,https://docker-curriculum.com/#aws-elastic-container-service,1638300486,aws|docker|docker-compose,unread
raspberry_pi:diy:armbian [ PIRATEBOX ],https://piratebox.cc/raspberry_pi:diy:armbian,1557372783,,unread
"Developing Games with React, Redux, and SVG - Part 1",https://auth0.com/blog/developing-games-with-react-redux-and-svg-part-1/,1587860144,,unread
Audio Recording and Speech Detection Experiments with OpenSIPS – Drops of w,https://blog.opensips.org/2018/02/16/audio-recording-and-speech-detection-experiments-with-opensips/,1593456809,,unread
https://www.elementsofai.com/,https://www.elementsofai.com/,1611619446,,unread
Crackmes,https://crackmes.one/,1614107834,,unread
https://realpython.com/getting-started-with-django-channels/,https://realpython.com/getting-started-with-django-channels/,1637723197,,unread
https://www.theguardian.com/commentisfree/2018/mar/28/all-the-data-facebook-google-has-on-you-privacy,https://www.theguardian.com/commentisfree/2018/mar/28/all-the-data-facebook-google-has-on-you-privacy,1546455416,,unread
https://www.3x3custom.com/tutorials/2017/8/30/rolling-scrap-wood-storage-cart-5lcsn,https://www.3x3custom.com/tutorials/2017/8/30/rolling-scrap-wood-storage-cart-5lcsn,1605576249,,unread
Using Chef InSpec profiles with Systems Manager Compliance - AWS Systems Ma,https://docs.aws.amazon.com/systems-manager/latest/userguide/integration-chef-inspec.html,1706035571,,unread
Initial Server Setup with Ubuntu 18.04 | DigitalOcean,https://www.digitalocean.com/community/tutorials/initial-server-setup-with-ubuntu-18-04,1663993251,digitalocean|nerd-stuff|vm-setup,unread
"Building your startup with Python, React, React Native and AWS",https://medium.com/proximistyle/building-your-startup-with-python-react-react-native-and-aws-286afd94a29c,1589913683,,unread
Guide to app architecture  |  Android Developers,https://developer.android.com/jetpack/docs/guide,1554067674,android|nerd stuff|school stuff,unread
https://github.com/danistefanovic/build-your-own-x,https://github.com/danistefanovic/build-your-own-x,1546189324,helpful-info|learning|nerd stuff|programming,unread
https://theflyingmaverick.com/2018/02/14/how-to-enable-dark-theme-for-sql-server-management-studio/,https://theflyingmaverick.com/2018/02/14/how-to-enable-dark-theme-for-sql-server-management-studio/,1559767773,,archive
https://www.twilio.com/docs/voice/tutorials/how-to-record-phone-calls-csharp,https://www.twilio.com/docs/voice/tutorials/how-to-record-phone-calls-csharp,1592576599,,unread
Create and monitor geofences  |  Android Developers,https://developer.android.com/training/location/geofencing,1555473010,android|mqtt|nerd stuff,archive
https://www.privateinternetaccess.com/helpdesk/guides/routers/dd-wrt-3/dd-wrt-openvpn-setup-2,https://www.privateinternetaccess.com/helpdesk/guides/routers/dd-wrt-3/dd-wrt-openvpn-setup-2,1545884086,cybersecurity|helpful-info|nerd stuff|privacy|tech,unread
Deep Learning based Text Recognition (OCR) using Tesseract and OpenCV | Lea,https://www.learnopencv.com/deep-learning-based-text-recognition-ocr-using-tesseract-and-opencv/,1579798423,document management|nerd-stuff|ocr|python,unread
https://nullprogram.com/blog/2018/06/10/,https://nullprogram.com/blog/2018/06/10/,1556646581,c|nerd stuff|programming,unread
https://fullstackdeeplearning.com/,https://fullstackdeeplearning.com/,1612625597,machine learning|tutorials,unread
Inbound - Sending SIP to Twilio - Twilio,https://www.twilio.com/docs/voice/api/sending-sip,1592859845,,unread
hmsk/frontmatter-markdown-loader: ? Webpack Loader for: FrontMatter (.md) -,https://github.com/hmsk/frontmatter-markdown-loader,1657822422,,unread
Chat Server With Channels:Basic Setup - Django Channels Tutorial - Tutorial,https://www.tutorialdocs.com/tutorial/django-channels/chart-server-basic-setup.html,1636951020,django|nerd-stuff|python,unread
Testing React Apps · Jest,https://jestjs.io/docs/en/tutorial-react,1595304518,jest|reactjs|unit testing,unread
How to Install and Secure the Mosquitto MQTT Messaging Broker on Ubuntu 18.,https://www.digitalocean.com/community/tutorials/how-to-install-and-secure-the-mosquitto-mqtt-messaging-broker-on-ubuntu-18-04,1663991640,,unread
How to Install Mosquitto MQTT with Let's Encrypt [Quickstart] | DigitalOcea,https://www.digitalocean.com/community/tutorials/how-to-install-and-secure-the-mosquitto-mqtt-messaging-broker-on-ubuntu-18-04-quickstart,1574967250,iot|nerd stuff|tech,unread
Top 10 Machine Learning Projects for Beginners,https://www.dezyre.com/article/top-10-machine-learning-projects-for-beginners/397,1588606709,,unread
"TFS Tutorial: TFS for Automating Build, Test, and Deployment for .NET Proje",https://www.softwaretestinghelp.com/tfs-tutorial-net-projects/,1606542286,,unread
http://www.emulator101.com/?d=9,http://www.emulator101.com/?d=9,1542395859,helpful-info|nerd stuff|programming|tech,unread
reCaptcha Form with an Amazon AWS™ serverless backend environment | by Marc,https://medium.com/aws-factory/recaptcha-form-with-an-amazon-aws-serverless-backend-environment-809cdb788424,1665370058,,unread
Make a rolling lumber cart – Woodworking for Mere Mortals,https://woodworkingformeremortals.com/make-a-rolling-lumber-cart/,1594313317,,unread
https://mherman.org/blog/dockerizing-a-react-app/,https://mherman.org/blog/dockerizing-a-react-app/,1625202288,,unread
https://mysudo.com/plans/,https://mysudo.com/plans/,1543380918,bring to christine|cybersecurity|privacy,unread
"When to work: How to optimize your daily schedule for energy, motivation, a",https://blog.rescuetime.com/when-to-work-productivity-curves/,1580245660,,unread
Metastream,https://getmetastream.com/,1680117139,nerd-stuff|sharing|team-outing,unread
Install Asterisk VoIP Server on Ubuntu – Linux Hint,https://linuxhint.com/install_asterisk_voip_ubuntu/,1592587380,,unread
https://medium.com/@Pocket/your-pocket-journey-starts-now-make-the-most-of-it-cc30770e6c53,https://medium.com/@Pocket/your-pocket-journey-starts-now-make-the-most-of-it-cc30770e6c53,1542341543,,archive
https://inteltechniques.com/blog/2018/09/30/breach-data-search-engines-comparison/,https://inteltechniques.com/blog/2018/09/30/breach-data-search-engines-comparison/,1546144219,,unread
"Setting up a React, Webpack 4, and Typescript project",https://medium.com/@dev_2517/setting-up-a-react-webpack-4-and-typescript-project-5b11c293e1a7,1568060389,,unread
Deploying to AWS ECR/ECS - CircleCI,https://circleci.com/docs/2.0/ecs-ecr/,1622217079,aws|circleci|docker,unread
One-Sheet Workbench - buildsomething.com,https://www.buildsomething.com/plans/P3626402DB2C8B69D/One-Sheet-Workbench,1591679090,woodworking,unread
Tutorial (ASP.NET Core) | ReactJS.NET,https://reactjs.net/tutorials/aspnetcore.html,1562016281,asp.net|reactjs,unread
https://securitytrails.com/blog/what-is-osint-how-can-i-make-use-of-it,https://securitytrails.com/blog/what-is-osint-how-can-i-make-use-of-it,1543380868,cybersecurity|helpful-info|nerd stuff|privacy,unread
Scheduling Tasks with Cron on Raspberry Pi - DIYODE Magazine,https://diyodemag.com/education/secret_code_scheduling_tasks_with_cron_on_raspberry_pi,1636232792,python|raspberry pi,unread
https://medium.com/read-write-participate/minimum-standards-for-tackling-iot-security-70f90b37f2d5,https://medium.com/read-write-participate/minimum-standards-for-tackling-iot-security-70f90b37f2d5,1563917000,,unread
"5 Splunk Alternatives - Faster, Affordable Log Management Solutions | LogDN",https://logdna.com/blog/5-splunk-alternatives-for-logging-their-benefits-shortcomings-and-which-one-to-choose/,1610512834,,unread
https://www.google.com/amp/s/m.wikihow.com/Run-for-Your-City-School-Board%3famp=1,https://www.google.com/amp/s/m.wikihow.com/Run-for-Your-City-School-Board%3famp=1,1542395687,helpful-info|politics|school board,unread
Cracked.to,https://cracked.to/member.php?action=register,1578106108,security,unread
"Docker in Action – Fitter, Happier, More Productive – Real Python",https://realpython.com/docker-in-action-fitter-happier-more-productive/#circleci,1582777666,nerd-stuff|python,unread
https://www.popularmechanics.com/technology/a24676415/dallas-hackers/?utm_source=pocket&utm_medium=email&utm_campaign=pockethits,https://www.popularmechanics.com/technology/a24676415/dallas-hackers/?utm_source=pocket&utm_medium=email&utm_campaign=pockethits,1544156262,,unread
https://www.kinsahealth.co/,https://www.kinsahealth.co/,1550181519,thesis-websites,unread
Make and receive phone calls with Programmable Voice - Twilio,https://www.twilio.com/docs/wireless/tutorials/communications-guides/how-to-make-and-receive-phone-calls,1594664201,,unread
https://www.lexaloffle.com/pico-8.php?page=schools,https://www.lexaloffle.com/pico-8.php?page=schools,1556660042,402-related|nerd-stuff|programming,unread
https://www.remove.bg/,https://www.remove.bg/,1606499771,helpful|photo,unread
https://www.techrepublic.com/article/inside-the-raspberry-pi-the-story-of-the-35-computer-that-changed-the-world/,https://www.techrepublic.com/article/inside-the-raspberry-pi-the-story-of-the-35-computer-that-changed-the-world/,1546527470,learning|nerd stuff|programming|tech,unread
Add Watermark to Uploaded Image in ASP.NET Core - Edi Wang,https://edi.wang/post/2018/10/12/add-watermark-to-uploaded-image-aspnet-core,1626979834,,unread
"Build a Simple CRUD App with Python, Flask, and React | Okta Developer",https://developer.okta.com/blog/2018/12/20/crud-app-with-python-flask-react,1604777911,flask|python|react,unread
https://www.google.com/amp/s/techbeacon.com/how-discover-stop-security-breaches-fast-tracking-dark-web%3famp,https://www.google.com/amp/s/techbeacon.com/how-discover-stop-security-breaches-fast-tracking-dark-web%3famp,1546143079,cybersecurity|dark web|helpful-info|nerd stuff|programming,unread
React and Flask Full Stack Web app: Component-oriented and Data-driven | by,https://itnext.io/react-and-flask-full-stack-web-app-component-oriented-and-data-driven-dd60e005266,1604778622,flask|python|react,unread
Is there a way to download podcasts in mp3 format? : podcasts,https://www.reddit.com/r/podcasts/comments/7wbyhd/is_there_a_way_to_download_podcasts_in_mp3_format/,1626790704,,unread
https://codewithoutrules.com/2019/01/09/worklife-balance-silicon-valley/,https://codewithoutrules.com/2019/01/09/worklife-balance-silicon-valley/,1547144114,,unread
AzureADQuickStarts/AppModelv2-WebApp-OpenIDConnect-nodejs: A Node.js web ap,https://github.com/azureadquickstarts/appmodelv2-webapp-openidconnect-nodejs,1683953333,,unread
EvtxToElk: A Python Module to Load Windows Event Logs into ElasticSearch | ,https://www.dragos.com/blog/industry-news/evtxtoelk-a-python-module-to-load-windows-event-logs-into-elasticsearch/,1616287773,,unread
Prerequisites - npm - Material Design for Bootstrap,https://mdbootstrap.com/education/react/installation-1-npm/,1616905517,,unread
Sentiment Analysis with Python (Part 2) - Towards Data Science,https://towardsdatascience.com/sentiment-analysis-with-python-part-2-4f71e7bde59a,1588739644,,unread
https://osintcurio.us/2019/01/30/using-osint-for-your-personal-threat-model/,https://osintcurio.us/2019/01/30/using-osint-for-your-personal-threat-model/,1551847361,cybersecurity|nerd stuff|osint,unread
Connect to your Git repos with SSH - Azure Repos | Microsoft Docs,https://docs.microsoft.com/en-us/azure/devops/repos/git/use-ssh-keys-to-authenticate?view=azure-devops,1631906646,,unread
Downloading and Deleting Twilio Call Recordings – Twilio Support,https://support.twilio.com/hc/en-us/articles/360002588893-Downloading-and-Deleting-Twilio-Call-Recordings,1595007899,,unread
Create a 13 kB JavaScript game in 30 days with js13kGames | The GitHub Blog,https://github.blog/2018-08-09-create-a-13kb-javascript-game-in-30-days-with-js13kgames/,1682998330,,unread
We are bringing together the world's security expertise,https://www.praetorian.com/company/careers#jobs,1597792980,career|cybersecurity|jobs,unread
Creating a simple download server with Apache – Quipu Blog,https://www.theorycrafter.org/quipu/creating-a-simple-download-server-with-apache/,1618951710,,unread
Does Visual Studio have code coverage for unit tests? - Stack Overflow,https://stackoverflow.com/questions/32369664/does-visual-studio-have-code-coverage-for-unit-tests,1596642847,,unread
Register a SIP Phone Directly to Twilio and Make and Receive Calls - Twilio,https://www.twilio.com/blog/registering-sip-phone-twilio-inbound-outbound,1594669960,,unread
Ordinary thoughts | Sol - An MQTT broker from scratch. Part 1 - The protoco,https://codepr.github.io/posts/sol-mqtt-broker,1566591995,,unread
https://www.withings.com/it/en/health-monitors,https://www.withings.com/it/en/health-monitors,1552798735,iot|thesis-websites,unread
http://www.guriddo.net/demo/guriddojs/edit_add_delete/dialogs/index.html,http://www.guriddo.net/demo/guriddojs/edit_add_delete/dialogs/index.html,1553287551,javascript|work,unread
How to install and configure ownCloud on Ubuntu 18.04 LTS,https://www.fosslinux.com/8797/how-to-install-and-configure-owncloud-on-ubuntu-18-04-lts.htm,1565368235,,unread
Launch a C# .NET Core Lambda Function — Step by Step | by Lior Shalom | Dev,https://medium.com/devtechblogs/launch-a-c-net-core-lambda-function-in-aws-step-by-step-5e4636516758,1669084159,,unread
Using Esp8266 As An IoT Endpoint With Encrypted MQTT Transport · TheWalrus,https://blog.thewalr.us/2019/03/27/using-esp8266-as-an-iot-endpoint-with-encrypted-mqtt-transport/,1609974872,,unread
https://pocket.co/xIYUeH?cta=1&src=ph,https://pocket.co/xIYUeH?cta=1&src=ph,1554222207,,unread
https://portswigger.net/web-security,https://portswigger.net/web-security,1621694104,cybersecurity|helpful-info|learning,unread
https://pocket.co/xIYDdh?cta=1&src=ph,https://pocket.co/xIYDdh?cta=1&src=ph,1554320176,,unread
https://pocket.co/xIJzrW?cta=1&src=ph,https://pocket.co/xIJzrW?cta=1&src=ph,1554904074,,unread
https://www.smartphoneclinics.com/easy-root-sony-xperia-z3v-verizon-d6708-lollipop/,https://www.smartphoneclinics.com/easy-root-sony-xperia-z3v-verizon-d6708-lollipop/,1555044917,,unread
https://pocket.co/xIksn9?cta=1&src=ph,https://pocket.co/xIksn9?cta=1&src=ph,1555600572,,unread
https://pocket.co/xIkHYP?cta=1&src=ph,https://pocket.co/xIkHYP?cta=1&src=ph,1555446644,,unread
[Fix] Error 0x800F0954 Installing .NET Framework 3.5 or Any Optional Featur,https://www.winhelponline.com/blog/error-0x800f0954-net-framework-3-5-optional-feature-dism/,1591652446,,unread
Containerize an app with Docker tutorial - .NET Core | Microsoft Docs,https://docs.microsoft.com/en-us/dotnet/core/docker/build-container,1562513746,asp.net|docker|nerd-stuff,unread
15 Months of Fresh Hell Inside Facebook | WIRED,https://www.wired.com/story/facebook-mark-zuckerberg-15-months-of-fresh-hell/,1580006900,,unread
A Realistic Cyber Defense Dataset (CSE-CIC-IDS2018) - Registry of Open Data,https://registry.opendata.aws/cse-cic-ids2018/,1613853716,,unread
A Step-by-Step Guide to Set Up Twilio Elastic SIP Trunking - Twilio,https://www.twilio.com/blog/elastic-sip-trunking-step-by-step-setup,1595007607,,unread
https://www.engadget.com/2019/05/01/smartwatch-diy-build-from-scratch/,https://www.engadget.com/2019/05/01/smartwatch-diy-build-from-scratch/,1556719898,,unread
"You can’t beat an unwinnable game, but you can break it | The Outline",https://theoutline.com/post/7373/you-cant-beat-an-unwinnable-game-you-break-it?utm_source=pocket&utm_medium=email&utm_campaign=pockethits&zd=1&zi=olqluuhg,1556856010,,unread
https://randomnerdtutorials.com/esp8266-pinout-reference-gpios/,https://randomnerdtutorials.com/esp8266-pinout-reference-gpios/,1630194630,,unread
CI/CD using Azure DevOps to run Dot Net Core Based Docker Containers | by N,https://medium.com/@neeldeep/ci-cd-using-azure-devops-to-run-dot-net-core-based-docker-containers-c65cc1c9aa4f,1620673844,.net-core|nerd-stuff,unread
https://v3.keystonejs.com/,https://v3.keystonejs.com/,1557938918,nerd stuff|nodejs|software to try|web-dev|website work,unread
OSINT Tools for the Dark Web – Jake Creps,https://jakecreps.com/2019/05/16/osint-tools-for-the-dark-web/,1598893894,,unread
Stanford CS140e - Operating Systems,https://cs140e.sergio.bz/about/,1704316938,learning|nerd-stuff|os,unread
https://www.freecodecamp.org/news/simple-site-hosting-with-amazon-s3-and-https-5e78017f482a/,https://www.freecodecamp.org/news/simple-site-hosting-with-amazon-s3-and-https-5e78017f482a/,1657477565,,unread
How to Host ownCloud – While Staying Anonymous Through Tor – compl4xx,https://lefherz.net/2019/05/29/how-to-host-owncloud-while-staying-anonymous-through-tor/,1565838207,,unread
https://www.fastcompany.com/90333991/how-to-land-a-job-youre-not-qualified-for?utm_source=pocket&utm_medium=email&utm_campaign=pockethits,https://www.fastcompany.com/90333991/how-to-land-a-job-youre-not-qualified-for?utm_source=pocket&utm_medium=email&utm_campaign=pockethits,1559328638,,unread
http://getpocket.com/explore/item/torching-the-modern-day-library-of-alexandria,http://getpocket.com/explore/item/torching-the-modern-day-library-of-alexandria,1562964810,storytime,unread
Full stack open 2020,https://fullstackopen.com/en/,1586037058,nerd stuff|web-dev,unread
https://stackoverflow.com/questions/23267398/dynamic-reading-xml-data-in-sql-server,https://stackoverflow.com/questions/23267398/dynamic-reading-xml-data-in-sql-server,1559600631,,unread
https://www.futurelearn.com/courses/teaching-cybersecurity?utm_campaign=raspberry_pi_teaching_cybersecurity_june_2019&utm_medium=organic_social&utm_source=rpisocial,https://www.futurelearn.com/courses/teaching-cybersecurity?utm_campaign=raspberry_pi_teaching_cybersecurity_june_2019&utm_medium=organic_social&utm_source=rpisocial,1560039944,,unread
Power up your computer wirelessly with Wemos D1 mini | Code and Life,https://codeandlife.com/2019/06/10/power-up-your-computer-wirelessly-with-wemos-d1-mini/,1604629595,arduino|esp8266|nerd-stuff|power-switch,unread
The Best Book Yet on Parenting Screen-Addicted Kids,https://getpocket.com/explore/item/the-best-book-yet-on-parenting-screen-addicted-kids?utm_source=pocket-newtab,1585950383,,unread
10 Coding Prompts for Your Portfolio – Better Programming – Medium,https://medium.com/better-programming/10-coding-prompts-for-your-portfolio-4a5266d86ede,1561989817,nerd stuff|programming,unread
Automate Your Deployment Process with PM2 - codeburst,https://codeburst.io/automate-your-deployment-process-with-pm2-b0fd7c256223,1594184109,,unread
https://medium.com/@gazzaazhari/django-backend-react-frontend-basic-tutorial-6249af7964e4,https://medium.com/@gazzaazhari/django-backend-react-frontend-basic-tutorial-6249af7964e4,1641275550,,unread
The Downsides of Being Very Emotionally Intelligent,https://getpocket.com/explore/item/the-downsides-of-being-very-emotionally-intelligent?utm_source=pocket-newtab,1631248419,,unread
http://getpocket.com/explore/item/millennial-burnout-is-being-televised,http://getpocket.com/explore/item/millennial-burnout-is-being-televised,1563120111,storytime,unread
People Search by Address at Cyber Background Checks,https://www.cyberbackgroundchecks.com/address#,1562720592,cybersecurity|osint,unread
How to extract a HUGE zip file in an Amazon S3 bucket by using AWS Lambda a,https://medium.com/@johnpaulhayes/how-extract-a-huge-zip-file-in-an-amazon-s3-bucket-by-using-aws-lambda-and-python-e32c6cf58f06,1614697167,,unread
"XBox CD-ROM Collection : Free Software : Free Download, Borrow and Streamin",https://archive.org/details/xboxcds?sort=titleSorter,1645715280,gaming|xbox,unread
Signal Processing | Building Speech to Text Model in Python,https://www.analyticsvidhya.com/blog/2019/07/learn-build-first-speech-to-text-model-python/,1625763712,learning|machine learning|nerd-stuff|python,unread
"Free, Open-source Anonymous Email Forwarding - AnonAddy",https://anonaddy.com/,1572318666,,unread
"How Running Ruined My Relationship, Killed My Faith … and Saved My Life",https://getpocket.com/explore/item/how-running-ruined-my-relationship-killed-my-faith-and-saved-my-life?utm_source=pocket-newtab,1573697443,,unread
"Serverless Web Scraping With Python, AWS Lambda and Chalice - DEV Community",https://dev.to/dannyaziz97/serverless-web-scraping-with-python-aws-lambda-and-chalice-42d4,1644642472,,unread
Millennials Are Already Itching to Switch Careers,https://www.bloomberg.com/news/articles/2019-08-07/how-to-switch-careers-even-if-you-don-t-have-a-lot-of-experience?utm_source=pocket-newtab,1565806938,,unread
Why Nerds and Nurses Are Taking Over the U.S. Economy,http://getpocket.com/explore/item/why-nerds-and-nurses-are-taking-over-the-u-s-economy?utm_source=pocket-newtab,1565806948,,unread
This Teen Hacker Found Bugs in School Software That Exposed Millions of Rec,https://www.wired.com/story/teen-hacker-school-software-blackboard-follett/?utm_source=pocket-newtab,1565893137,,unread
How to Turn Your Developers into Security Champions,https://www.veracode.com/sites/default/files/pdf/resources/ipapers/how-to-turn-developers-into-security-champions/index.html,1677177362,cybersecurity|work-related,unread
Why Some People Get Burned Out and Others Don’t,https://getpocket.com/explore/item/why-some-people-get-burned-out-and-others-don-t?utm_source=pocket-newtab,1582234539,,unread
Student Debt Is Transforming the American Family | The New Yorker,https://www.newyorker.com/magazine/2019/09/09/student-debt-is-transforming-the-american-family,1567690475,,unread
"Sending SMS Reminders with Azure Functions, Twilio and Node",https://www.twilio.com/blog/sending-sms-reminders-with-azure-functions-twilio-and-node,1678989136,,unread
"Recession Already Grips Corners of U.S., Menacing Trump’s 2020 Bid - Bloomb",https://www.bloomberg.com/news/features/2019-09-09/a-manufacturing-recession-could-cost-trump-a-second-term,1568653432,,unread
How to properly automount a drive in Ubuntu Linux - TechRepublic,https://www.techrepublic.com/article/how-to-properly-automount-a-drive-in-ubuntu-linux/,1630855308,,unread
Live Transcribing Phone Calls using Twilio Media Streams and Google Speech-,https://www.twilio.com/blog/live-transcribing-phone-calls-using-twilio-media-streams-and-google-speech-text,1597427920,,unread
Millions of Americans’ Medical Images and Data Are Available on the Interne,https://www.propublica.org/article/millions-of-americans-medical-images-and-data-are-available-on-the-internet,1580319558,medical-security|thesis-websites,unread
Imran Baloch's Blog - Moving ASP.NET MVC Client Side Validation Scripts to ,https://weblogs.asp.net/imranbaloch/moving-asp-net-mvc-client-side-scripts-to-bottom,1570221791,,unread
javascript - Content Security Policy nonce does not apply to event handler ,https://stackoverflow.com/questions/56399872/content-security-policy-nonce-does-not-apply-to-event-handler-attributes,1570481184,,unread
"I Attend, Therefore I Am",https://getpocket.com/explore/item/i-attend-therefore-i-am?utm_source=pocket-newtab,1570647363,,unread
https://www.gocosmos.org/docs/develop-your-own-os-in-dotnet/,https://www.gocosmos.org/docs/develop-your-own-os-in-dotnet/,1600401151,,unread
https://www.scrapingbee.com/blog/web-scraping-101-with-python/,https://www.scrapingbee.com/blog/web-scraping-101-with-python/,1598999891,,unread
Cybercrime: The ransomware superhero of downstate Normal who created ID Ran,https://chicago.suntimes.com/crime/2019/10/28/20934591/ransomware-superhero-normal-illinois-fbi-cybercrime,1572554690,,unread
New Mini Documentary Examines How University of New Haven is Addressing Cyb,https://www.newhaven.edu/news/releases/2019/cybersecurity-documentary.php,1572988032,,unread
https://www.onsip.com/voip-resources/voip-reviews/linphone-4.1.1-for-linux,https://www.onsip.com/voip-resources/voip-reviews/linphone-4.1.1-for-linux,1592853446,,unread
https://medium.com/fantageek/learning-voip-rtp-and-sip-aka-awesome-pjsip-2035fa02cf88,https://medium.com/fantageek/learning-voip-rtp-and-sip-aka-awesome-pjsip-2035fa02cf88,1592575776,,unread
Scraping Web Articles Using NewsAPI in Python | by Nathan Lee | Towards Dat,https://towardsdatascience.com/scraping-web-articles-using-newsapi-in-python-a0e97fbab8ed,1605149413,,unread
"[Letter from California] Gimme Shelter, by Wes Enzinna | Harper's Magazine",https://harpers.org/archive/2019/12/gimme-shelter-ghost-ship-fire-san-francisco/?utm_source=pocket-newtab,1574285848,,unread
5 Awesome Tools for Python Code Quality - madelyn.eriksen(),https://www.madelyneriksen.com/blog/awesome-python-code-quality-tools/,1613754360,nerd-stuff|python,unread
"Coding Is Not ‘Fun’, It’s Technically and Ethically Complex",https://getpocket.com/explore/item/coding-is-not-fun-it-s-technically-and-ethically-complex?utm_source=pocket-newtab,1575323400,,unread
Executing Shell Commands with Python,https://stackabuse.com/executing-shell-commands-with-python/,1724255694,python,unread
Python Stock Analysis with Pandas - KAI TAYLOR,https://kai-taylor.com/python-stock-analysis-with-pandas/,1605150862,,unread
Ford Vehicle Order Tracking Home,https://shop.ford.com/vehicleordertracking#/,1649732943,,unread
Running Dysmorphic,https://longreads.com/2019/12/04/running-dysmorphic/?utm_source=pocket-newtab,1576374503,,unread
https://homeguides.sfgate.com/make-frame-slab-door-78982.html,https://homeguides.sfgate.com/make-frame-slab-door-78982.html,1617486351,,unread
Serve React with Flask: How to Serve a React-app With a Flask-Server -,https://blog.learningdollars.com/2019/11/29/how-to-serve-a-reactapp-with-a-flask-server/,1586583565,,unread
My semester with the snowflakes~ - James Hatch - Medium,https://medium.com/@james.hatch/my-semester-with-the-snowflakes-888285f0e662,1577219481,,unread
What It’s Like to Live in a California Ghost Town,https://getpocket.com/explore/item/what-it-s-like-to-live-in-a-california-ghost-town?utm_source=pocket-newtab,1577973145,,unread
How to Contact ProPublica Securely — ProPublica,https://www.propublica.org/tips/?utm_campaign=sprout,1584112356,,unread
"If you find Elizabeth Warren's adorable goofball dancing 'inauthentic', ask",https://www.independent.co.uk/voices/elizabeth-warren-dance-video-brooklyn-rally-ny-campaign-a9279176.html,1578945032,,unread
https://www.digitalocean.com/community/tutorials/getting-started-with-the-mern-stack,https://www.digitalocean.com/community/tutorials/getting-started-with-the-mern-stack,1609534947,,unread
https://docs.microsoft.com/en-us/visualstudio/containers/container-tools-react?view=vs-2019,https://docs.microsoft.com/en-us/visualstudio/containers/container-tools-react?view=vs-2019,1618065353,,unread
What Does It Mean to Have a Serious Drinking Problem? - The New York Times,https://www.nytimes.com/2020/01/31/sunday-review/alcohol-drinking-problem.html?utm_source=pocket-newtab,1580836008,,unread
Using Create-React-App and .NET Core 3.0 to Build a React Client (Global We,https://www.codeproject.com/Articles/5248030/Using-Create-React-App-and-NET-Core-3-0-to-Build-a,1614014453,,unread
https://www.comet.ml/site/how-to-apply-machine-learning-and-deep-learning-methods-to-audio-analysis/,https://www.comet.ml/site/how-to-apply-machine-learning-and-deep-learning-methods-to-audio-analysis/,1616028422,,unread
"Routing Incoming Phone Calls with Twilio Programmable Voice, Python and Dja",https://www.twilio.com/blog/routing-incoming-phone-calls-twilio-programmable-voice-python-django,1590210528,,unread
NEON BROWN,http://www.iamneonbrown.com/,1582520530,,unread
"SIEM Fundamentals (Part 1): First and Foremost, A Data Collection Problem -",https://socprime.com/blog/siem-fundamentals-part-1-first-and-foremost-a-data-collection-problem/,1613853163,,unread
Tiny Houses Look Marvellous but Have a Dark Side,https://getpocket.com/explore/item/tiny-houses-look-marvellous-but-have-a-dark-side-three-things-they-don-t-tell-you-on-marketing-blurb?utm_source=pocket-newtab,1593460901,,unread
Dockerizing an ASP.NET   React App,https://spin.atomicobject.com/2020/03/04/dockerizing-asp-net-react/,1621812591,.net-core|docker,unread
Why Elizabeth Warren Won't Be the Democratic Nominee - The Atlantic,https://www.theatlantic.com/culture/archive/2020/03/america-punished-elizabeth-warren-her-competence/607531/,1583435766,,unread
When the Student Became the Master,https://getpocket.com/explore/item/when-the-student-became-the-master?utm_source=pocket-newtab,1583628205,,unread
How to create a Windows Service in Python - The Python Corner,http://thepythoncorner.com/dev/how-to-create-a-windows-service-in-python/,1596948283,python,unread
aws-samples/amazon-chime-voiceconnector-transcription,https://github.com/aws-samples/amazon-chime-voiceconnector-transcription,1591742511,lambda|sip|tpg,unread
Parents On Childcare And Challenges In Coronavirus Isolation,https://www.buzzfeednews.com/article/annehelenpetersen/coronavirus-covid19-parents-kids-childcare?utm_source=pocket-newtab,1585084559,,unread
Where Did All the Saxophones Go?,https://getpocket.com/explore/item/where-did-all-the-saxophones-go?utm_source=pocket-newtab,1585342943,,unread
"Build a Serverless Web Application with AWS Lambda, Amazon API Gateway, AWS",https://aws.amazon.com/getting-started/hands-on/build-serverless-web-app-lambda-apigateway-s3-dynamodb-cognito/,1692672734,aws|tutorials,unread
Coronavirus Will Hit Small Towns Hard As People Leave Cities,https://www.buzzfeednews.com/article/annehelenpetersen/coronavirus-covid-cities-second-homes-rural-small-towns?utm_source=pocket-newtab,1585945227,,unread
Lockdown was supposed to be an introvert’s paradise. It’s not. - MIT Techno,https://www.technologyreview.com/s/615437/virtual-happy-hour-introverts-lockdown-coronavirus/?utm_source=pocket-newtab,1586199403,,unread
"Linux, Open Source, and Civil Disobedience - Marcel Gagne - Medium",https://medium.com/@wftl/linux-open-source-and-civil-disobedience-bb6a4b5a8245,1586382692,,unread
https://www.thedrive.com/the-war-zone/32869/this-man-owns-the-worlds-most-advanced-private-air-force-after-buying-46-f-a-18-hornets?utm_source=pocket&utm_medium=email&utm_campaign=pockethits,https://www.thedrive.com/the-war-zone/32869/this-man-owns-the-worlds-most-advanced-private-air-force-after-buying-46-f-a-18-hornets?utm_source=pocket&utm_medium=email&utm_campaign=pockethits,1586634988,,unread
Creality Ender 3 V2 Official Store | Ender Series 3D Printer,https://www.creality3dofficial.com/products/ender-3-v2-3d-printer,1669735227,3d printing|nerd-stuff,unread
Nerdy Pong - Bite Size Game - Coding lesson in Pico-8,https://nerdyteachers.com/Explain/NerdyPong/,1604177607,,unread
Millennials Are the New Lost Generation - The Atlantic,https://www.theatlantic.com/ideas/archive/2020/04/millennials-are-new-lost-generation/609832/,1586812094,,unread
https://www.sektor7.net/#training,https://www.sektor7.net/#training,1680477967,,unread
How to Refinish Hardwood Floors the Easy Way - This Old House,https://www.thisoldhouse.com/flooring/21016483/how-to-refinish-wood-floors-without-sanding,1686067619,,unread
The Five Pillars of Popovich,https://getpocket.com/explore/item/the-five-pillars-of-popovich?utm_source=pocket-newtab,1587161665,,unread
https://0xpat.github.io/Malware_development_part_1/,https://0xpat.github.io/Malware_development_part_1/,1660877624,,unread
Keeping API Keys Secret in React Apps | Unicorn Utterances,https://unicorn-utterances.com/posts/keeping-api-keys-secret-in-react-apps/,1625944084,proxy-server|react,unread
WebRTC using OpenSIPS and RTPEngine – The Smartvox Knowledgebase,https://kb.smartvox.co.uk/opensips/webrtc-using-opensips-and-rtpengine/,1594322896,,unread
How to Enable Server-Side Rendering for a React App | DigitalOcean,https://www.digitalocean.com/community/tutorials/react-server-side-rendering,1625943697,create-react-app|react,unread
Gameboy Pi Zero - Joshendy Blog,https://www.joshendyblog.net/gameboy-pi-zero/,1588518496,gameboy zero|gaming|nerd-stuff,unread
How to use MITRE ATT&CK guide | Elastic,https://www.elastic.co/campaigns/mitre-attack,1610512827,,unread
"What Offensive Linemen Have to Do to Add, Maintain, and Lose Weight  - The ",https://www.theringer.com/nfl/2020/5/5/21246544/offensive-linemen-diet-weight-loss-gain-eating?utm_source=pocket-newtab,1589079285,,unread
CI for Ionic applications | CircleCI,https://circleci.com/blog/continous-integration-for-ionic-apps/,1593382063,,unread
https://www.cnn.com/2020/05/21/tech/deleting-personal-data-online/index.html?utm_source=pocket&utm_medium=email&utm_campaign=pockethits,https://www.cnn.com/2020/05/21/tech/deleting-personal-data-online/index.html?utm_source=pocket&utm_medium=email&utm_campaign=pockethits,1590424568,,unread
https://seama.threadless.com/designs/shaq-water/home/stretched-canvas,https://seama.threadless.com/designs/shaq-water/home/stretched-canvas,1590450631,,unread
AudioMass - Audio Editor,https://audiomass.co/,1590589808,,unread
How to Run Your ESP8266 for Years on a Battery,https://makecademy.com/esp8266-battery/,1604208368,,unread
An Essential Reading Guide For Fighting Racism,https://www.buzzfeednews.com/article/ariannarebolini/george-floyd-amy-cooper-antiracist-books-reading-resources?utm_source=pocket-newtab,1591111078,,unread
Why users cannot use security - ScienceDirect,https://www.sciencedirect.com/science/article/pii/S0167404805000532,1591117801,,unread
AP Computer Science A has some problems. | Owen the Dev,https://owenthe.dev/2020/02/ap-computer-science-a-has-a-lot-of-problems/,1591419856,,unread
openSIPS | Documentation / Tutorials-SIPREC-2-4,https://www.opensips.org/Documentation/Tutorials-SIPREC-2-4#toc3,1591720438,recording|sip|tpg,unread
SIPRec as a Function - iotcomms.io,https://iotcomms.io/portfolio/siprec-as-a-function/,1591742109,recording|sip|tpg,unread
Streaming Amazon Chime Voice Connector media to Kinesis - Amazon Chime,https://docs.aws.amazon.com/chime/latest/ag/start-kinesis-vc.html,1592923758,,unread
Connect to Amazon S3 Buckets from Amazon EC2 Instances,https://aws.amazon.com/premiumsupport/knowledge-center/ec2-instance-access-s3-bucket/,1614132088,,unread
"Hamilton on Disney : Why we’ll never stop fighting about this brilliant, fr",https://www.vox.com/culture/21305967/hamilton-debate-controversy-historical-accuracy-explained?utm_source=pocket-newtab,1593987654,,unread
7 Amazing Kit Cars To Build In Your Own Garage | CarBuzz,https://carbuzz.com/features/7-amazing-kit-cars-to-build-in-your-own-garage,1626406271,car|diy,unread
You’re Not Just Imagining It. Your Job Is Absolute BS,https://getpocket.com/explore/item/you-re-not-just-imagining-it-your-job-is-absolute-bs?utm_source=pocket-newtab,1594005172,,unread
https://medium.com/swlh/dockerizing-your-reactjs-application-c59109e97861,https://medium.com/swlh/dockerizing-your-reactjs-application-c59109e97861,1618031053,,unread
Splunking Webhooks with the HTTP Event Collector | Splunk,https://www.splunk.com/en_us/blog/tips-and-tricks/splunking-webhooks-with-the-http-event-collector.html,1658172603,,unread
Sonus SBC 5.1.1R0 IOT NICE SIP Recording Application Notes - Interoperabili,https://support.sonus.net/display/IOT/Sonus+SBC+5.1.1R0+IOT+NICE+SIP+Recording+Application+Notes,1594322599,,unread
DIY Drip Coffee Maker – Woodworking for Mere Mortals,https://woodworkingformeremortals.com/diy-drip-coffee-maker/,1596927829,,unread
How to Transcribe Speech Recordings into Text with Python - Full Stack Pyth,https://www.fullstackpython.com/blog/transcribe-recordings-speech-text-assemblyai.html,1597155270,,unread
John J Hacking,https://johnjhacking.com/blog/the-oscp-preperation-guide-2020/,1671734384,,unread
https://www.pinterest.com/pin/855050679245943466/,https://www.pinterest.com/pin/855050679245943466/,1598932281,,unread
"If You’re Already Dreading Winter, Here Are Some Small Ways to Prepare Now",https://www.vice.com/en_us/article/4aym4q/small-ways-to-prepare-home-for-winter-pandemic,1600393275,,unread
https://www.theatlantic.com/health/archive/2020/09/pandemic-intuition-nightmare-spiral-winter/616204/,https://www.theatlantic.com/health/archive/2020/09/pandemic-intuition-nightmare-spiral-winter/616204/,1599879864,,unread
https://pine64.com/?v=0446c16e2e66,https://pine64.com/?v=0446c16e2e66,1609640391,,unread
ExcelLaptopParts Order 18351 - pspeters93@gmail.com - Gmail,https://mail.google.com/mail/u/0/#inbox/WhctKJWJCVkfRdrTzvctDtBjzbBZlHhRLcjkRJXLvJksXMtpjNGhBkXSwjVgMZqRBjJWtjG,1604248337,,unread
"Why Young People Want Comfortable, Good Enough Jobs",https://www.refinery29.com/en-us/the-good-enough-job,1633063140,,unread
https://towardsdatascience.com/how-to-build-a-twitter-sentiment-analysis-system-12b28dcbae56,https://towardsdatascience.com/how-to-build-a-twitter-sentiment-analysis-system-12b28dcbae56,1621290834,,unread
https://docs.microsoft.com/en-us/aspnet/core/client-side/spa/react?view=aspnetcore-5.0&tabs=visual-studio,https://docs.microsoft.com/en-us/aspnet/core/client-side/spa/react?view=aspnetcore-5.0&tabs=visual-studio,1615095776,,unread
https://www.devguides.dev/how-to-build-and-deploy-docker-images-from-azure-devops-to-aws-ecr/,https://www.devguides.dev/how-to-build-and-deploy-docker-images-from-azure-devops-to-aws-ecr/,1622153464,,unread
NordicTrack C 950I 250442 Treadmill Motor Control Board Part Number 391639,https://www.treadmilldoctor.com/nordictrack-c-950i-motor-control-board-250442-391639,1607203736,treadmill,unread
https://www.ttorial.com/modern-css-backend-developers?__cf_chl_jschl_tk__=51b7d868f147162e2e319999b41cd267b28e6a99-1607274427-0-AdcBC-8PWfVXapzSdmKYyL3SF1Zc7AqaCweNMfUpOAiv-2iOdyUvnTsUIk5qGRslUCoLagBfWbIzRrpPvpWkN5YWVKvNScLwyKmxo7oUset2El91zKvMfhj9lx25yJiM8-EJm-Ce2PInFRn5YmvUXsj_NzCvPMPCca7VNDwyzVYt2ywUWVnpdSUAjOM_-HgMDM8OcNjfaXPVzZ_op8P5Hr99nHJuxQKtfFsynX67blgCZbrE4VZVY8zrkamVX1Oin3f0NPohiSGvrpllPoX2guaC92XIc1asRS42jdrDefOWwqHAbZI_U2TR4XgZlFOkX8zT-NS-2Q3gsP-YUNCGtU37uSRZBxo_fxU01CbMr9bev4jYnr1uMj6H2rn52VhhmLUlFhQNgsiJZY3sDhVEQyo,https://www.ttorial.com/modern-css-backend-developers?__cf_chl_jschl_tk__=51b7d868f147162e2e319999b41cd267b28e6a99-1607274427-0-AdcBC-8PWfVXapzSdmKYyL3SF1Zc7AqaCweNMfUpOAiv-2iOdyUvnTsUIk5qGRslUCoLagBfWbIzRrpPvpWkN5YWVKvNScLwyKmxo7oUset2El91zKvMfhj9lx25yJiM8-EJm-Ce2PInFRn5YmvUXsj_NzCvPMPCca7VNDwyzVYt2ywUWVnpdSUAjOM_-HgMDM8OcNjfaXPVzZ_op8P5Hr99nHJuxQKtfFsynX67blgCZbrE4VZVY8zrkamVX1Oin3f0NPohiSGvrpllPoX2guaC92XIc1asRS42jdrDefOWwqHAbZI_U2TR4XgZlFOkX8zT-NS-2Q3gsP-YUNCGtU37uSRZBxo_fxU01CbMr9bev4jYnr1uMj6H2rn52VhhmLUlFhQNgsiJZY3sDhVEQyo,1607274580,css|tutorials,unread
Tagembed Price & Plans (Free-to-Plus),https://tagembed.com/price/,1697738933,,unread
Using XAMPP and Burp Intruder when scanning for subdomains to look for inte,https://zseano.medium.com/using-xampp-and-burp-intruder-when-scanning-for-subdomains-to-look-for-interesting-behaviour-code-f24c511d15ed,1664556979,bugbounty|cybersecurity,unread
Posts,https://connormcgarr.github.io/posts/,1710470403,,unread
React Bootcamp | The Best Way to Learn React,https://www.reactbootcamp.com/,1718290706,,unread
Photoview,https://photoview.github.io/,1692471537,photography|self-hosted,unread
https://alramalho.medium.com/how-i-finally-got-started-in-machine-learning-a8990f532225,https://alramalho.medium.com/how-i-finally-got-started-in-machine-learning-a8990f532225,1611637386,,unread
https://nextjs.org/docs/migrating/from-create-react-app,https://nextjs.org/docs/migrating/from-create-react-app,1627010754,,unread
How To Set Up .NET Core Web App With React & TypeScript - Perficient Blogs,https://blogs.perficient.com/2020/11/17/how-to-set-up-net-core-web-app-with-react-typescript/,1615094253,,unread
How to Connect your github repository using SSH Key | by SANGEETH KUMAR S G,https://medium.com/@sangeethkumar.tvm.kpm/how-to-connect-your-github-repository-using-ssh-key-fcfbf0d62eb6,1625680733,,unread
https://www.wired.com/story/untold-history-americas-zero-day-market/?utm_source=pocket&utm_medium=email&utm_campaign=pockethits,https://www.wired.com/story/untold-history-americas-zero-day-market/?utm_source=pocket&utm_medium=email&utm_campaign=pockethits,1613420349,,unread
Free Automated Malware Analysis Service - powered by Falcon Sandbox,https://www.hybrid-analysis.com/sample/e76a1d24aac19a0a323bd360bdd140d4feaf10ccd68deca22e0ebe9f4d3ce58d,1613858046,,unread
Trump Hotel Employees Reveal What It Was Really Like Catering to the Right ,https://www.washingtonian.com/2021/02/19/trump-hotel-employees-tell-all-what-it-was-really-like-serving-right-wing-elite/?utm_source=pocket-newtab,1613967445,,unread
My Roadmap | National Democratic Training Committee,https://traindemocrats.org/my-roadmap/,1614228581,,unread
Launching Your Campaign - Run For Something,https://runforsomething.net/run/launching-your-campaign/,1614228611,,unread
https://docs.aws.amazon.com/apigateway/latest/developerguide/http-api-dynamo-db.html,https://docs.aws.amazon.com/apigateway/latest/developerguide/http-api-dynamo-db.html,1651364736,,unread
/r/Roms Megathread,https://r-roms.github.io/,1686249837,roms,unread
The Air Force Is Having To Reverse Engineer Parts Of Its Own Stealth Bomber,https://www.thedrive.com/the-war-zone/39537/the-air-force-needs-to-reverse-engineer-parts-of-its-own-stealth-bomber?utm_source=pocket-newtab,1615094247,,unread
https://www.simongilbert.net/full-stack-spa-reactjs-redux-bootstrap4-aspnetcore/,https://www.simongilbert.net/full-stack-spa-reactjs-redux-bootstrap4-aspnetcore/,1615161278,,unread
Your Guide to FedRAMP Diagrams | InfusionPoints,https://infusionpoints.com/blogs/your-guide-fedramp-diagrams,1708635451,cybersecurity|ramp,unread
10 Ways Democrats Can Become Forever-Organizers & Win. | by Nick Marroletti,https://nick-marroletti.medium.com/10-ways-democrats-can-become-forever-organizers-win-a3fd2f082be5,1668220026,politics|volunteering,unread
https://www.alexhyett.com/terraform-s3-static-website-hosting,https://www.alexhyett.com/terraform-s3-static-website-hosting,1657477469,,unread
Python AI: How to Build a Neural Network & Make Predictions – Real Python,https://realpython.com/python-ai-neural-network/,1620411331,machine learning|nerd-stuff|python,unread
https://denic.hashnode.dev/css-generators,https://denic.hashnode.dev/css-generators,1616421347,,unread
Be More Realistic About the Time You Have,https://hbr.org/2021/03/be-more-realistic-about-the-time-you-have?utm_source=pocket-newtab,1616770056,,unread
Feed Your Moths and Hide Your Trousers: The Expert Guide to Making Clothes ,https://getpocket.com/explore/item/feed-your-moths-and-hide-your-trousers-the-expert-guide-to-making-clothes-last-for-ever,1663264551,,unread
https://www.newyorker.com/magazine/2021/04/26/the-incredible-rise-of-north-koreas-hacking-army,https://www.newyorker.com/magazine/2021/04/26/the-incredible-rise-of-north-koreas-hacking-army,1674585607,,unread
They Hacked McDonald’s Ice Cream Machines—and Started a Cold War | WIRED,https://archive.is/xzYL8,1619237188,,unread
https://markodenic.com/use-google-like-a-pro/,https://markodenic.com/use-google-like-a-pro/,1619179925,,unread
Raise land value to Astronomical in SimCity 3000 - Other Games - Simtropoli,https://community.simtropolis.com/omnibus/other-games/raise-land-value-to-astronomical-in-simcity-3000-r834/,1619579416,simcity,unread
Why are game-makers creating new Game Boy games in 2021? | Ars Technica,https://arstechnica.com/gaming/2021/05/meet-the-developers-making-og-game-boy-games-in-2021/,1620411936,,unread
A Story About Tim Duncan,https://www.theringer.com/nba/2021/5/14/22434537/tim-duncan-hall-of-fame-spurs?utm_source=pocket-newtab,1621281124,,unread
https://www.newyorker.com/culture/cultural-comment/remote-work-not-from-home?utm_source=pocket&utm_medium=email&utm_campaign=pockethits,https://www.newyorker.com/culture/cultural-comment/remote-work-not-from-home?utm_source=pocket&utm_medium=email&utm_campaign=pockethits,1621873333,,unread
https://blog.pragmaticengineer.com/uber-app-rewrite-yolo/?utm_source=tldrnewsletter,https://blog.pragmaticengineer.com/uber-app-rewrite-yolo/?utm_source=tldrnewsletter,1623790523,,unread
Introduction to Redis with Docker Compose | Medium,https://edward-cernera.medium.com/intro-to-redis-with-docker-compose-8d53962336cb,1639023466,docker|docker-compose|redis,unread
"Building an online store with React, AWS, and Stripe | by Manoj Fernando | ",https://blog.bitsrc.io/how-to-build-an-online-store-with-react-aws-and-stripe-95413e6ce727,1672688160,aws|learning|nerd-stuff|react,unread
https://maclookup.app/api-v2/plans,https://maclookup.app/api-v2/plans,1636216523,,unread
What Makes Quantum Computing So Hard to Explain?,https://www.quantamagazine.org/why-is-quantum-computing-so-hard-to-explain-20210608/?utm_source=pocket-newtab,1623427285,,unread
The perfect storm making everything you need more expensive,https://www.cnn.com/2021/06/09/business/rising-prices-inventories-post-pandemic/index.html?utm_source=pocket-newtab,1623423480,,unread
How a Freak Accident Happens,https://getpocket.com/explore/item/how-a-freak-accident-happens,1663853291,,unread
https://www.theringer.com/2021/6/17/22538024/joel-embiid-nba-playoffs-injuries,https://www.theringer.com/2021/6/17/22538024/joel-embiid-nba-playoffs-injuries,1624023075,,unread
User authentication in Django | Django documentation | Django,https://docs.djangoproject.com/en/3.2/topics/auth/,1636497123,,unread
"By Now, Burnout Is a Given",https://www.theatlantic.com/ideas/archive/2021/06/burnout-medical-condition-pandemic/619321/?utm_source=pocket-newtab,1625579633,,unread
"‘So, So Angry’: Reporters Who Survived the Capitol Riot Are Still Strugglin",https://www.vice.com/en/article/4avqqn/reporters-survived-capitol-riot-struggling?utm_source=pocket-newtab,1625763027,,unread
Luxury Surveillance,https://reallifemag.com/luxury-surveillance/?utm_source=pocket-newtab,1626187710,,unread
https://aws.plainenglish.io/deploy-react-apps-on-amazon-s3-95bb9f5870d1,https://aws.plainenglish.io/deploy-react-apps-on-amazon-s3-95bb9f5870d1,1643078011,,unread
https://uiwjs.github.io/react-markdown-editor/,https://uiwjs.github.io/react-markdown-editor/,1626497437,,unread
Pocket,https://getpocket.com/explore/item/an-overlander-s-guide-to-camping-for-free-in-the-u-s-a?utm_source=pocket-newtab,1626882952,,unread
https://0x41.cf/reversing/2021/07/21/reversing-x86-and-c-code-for-beginners.html,https://0x41.cf/reversing/2021/07/21/reversing-x86-and-c-code-for-beginners.html,1626928062,,unread
The Inevitable Weaponization of App Data Is Here,https://www.vice.com/en/article/pkbxp8/grindr-location-data-priest-weaponization-app?utm_source=pocket&utm_medium=email&utm_campaign=pockethits,1626974048,,unread
How to Run a Marathon With the 10/10/10 Method,https://getpocket.com/explore/item/how-to-run-a-marathon-with-the-10-10-10-method?utm_source=pocket-newtab,1626973591,,unread
https://bionicjulia.com/blog/setting-up-nextjs-markdown-blog-with-typescript,https://bionicjulia.com/blog/setting-up-nextjs-markdown-blog-with-typescript,1627010704,,unread
Lithuanian mayor runs over illegally parked car with a tank - New York Dail,https://www.nydailynews.com/news/world/lithuanian-mayor-runs-illegally-parked-car-tank-article-1.946024,1627418375,,unread
Lifepack Endeavor (with closet),https://solgaard.co/products/lifepack-endeavor-backpack-with-closet?variant=39402832461997,1701131791,,unread
Fixing Remote Access for Plex in pfSense | The Smarthome Book,https://www.thesmarthomebook.com/2020/04/16/fixing-remote-access-for-plex-in-pfsense/,1691981605,,unread
https://mymasterdesigner.com/2021/08/03/web-scraping-with-python-beautifulsoup/,https://mymasterdesigner.com/2021/08/03/web-scraping-with-python-beautifulsoup/,1628368166,,unread
Here’s How Your Car’s Engine Works,https://getpocket.com/explore/item/here-s-how-your-car-s-engine-works?utm_source=pocket-newtab,1628357645,,unread
Buy Creality CR Touch for Ender 3(Pro)/Ender 3 V2/Ender 5 Pro,https://www.creality3dofficial.com/products/creality-cr-touch,1680209173,,unread
Repair Service - MC1618DLS / 386762 | circuitboardrepair,https://www.circuitboardrepair.net/product-page/mc2100-wa-repair-service,1628719412,,unread
https://cgomesu.com/blog/diy-tasmota-bme280/,https://cgomesu.com/blog/diy-tasmota-bme280/,1663473850,,unread
picoCTF - picoGym,https://play.picoctf.org/practice/challenge/166?page=1,1629337949,,unread
Scout Synth DIY Electronics Kit | Oskitone,https://www.oskitone.com/product/scout-synth-diy-electronics-kit,1683647208,,unread
The Best Running Documentaries That Will Inspire You to Move,https://getpocket.com/explore/item/the-best-running-documentaries-that-will-inspire-you-to-move,1682517240,running,unread
https://www-nytimes-com.cdn.ampproject.org/v/s/www.nytimes.com/2021/09/01/arts/television/harvey-guillen-what-we-do-in-the-shadows.amp.html?amp_gsa=1&amp_js_v=a6&usqp=mq331AQIKAGwASCAAgM%3D#amp_tf=From%20%251%24s&aoh=16305950303775&csi=0&referrer=https%3A%2F%2Fwww.google.com&ampshare=https%3A%2F%2Fwww.nytimes.com%2F2021%2F09%2F01%2Farts%2Ftelevision%2Fharvey-guillen-what-we-do-in-the-shadows.html,https://www-nytimes-com.cdn.ampproject.org/v/s/www.nytimes.com/2021/09/01/arts/television/harvey-guillen-what-we-do-in-the-shadows.amp.html?amp_gsa=1&amp_js_v=a6&usqp=mq331AQIKAGwASCAAgM%3D#amp_tf=From%20%251%24s&aoh=16305950303775&csi=0&referrer=https%3A%2F%2Fwww.google.com&ampshare=https%3A%2F%2Fwww.nytimes.com%2F2021%2F09%2F01%2Farts%2Ftelevision%2Fharvey-guillen-what-we-do-in-the-shadows.html,1630595980,,unread
https://www.riverloopsecurity.com/blog/2021/05/hw-101-jtag-part2/,https://www.riverloopsecurity.com/blog/2021/05/hw-101-jtag-part2/,1631417919,,unread
https://paidcoursesforfree.com/django-with-react-an-ecommerce-website/,https://paidcoursesforfree.com/django-with-react-an-ecommerce-website/,1632114861,,unread
(1) Mailchimp – what’s happened to the Update Profile function? | LinkedIn,https://www.linkedin.com/pulse/mailchimp-whats-happened-update-profile-function-fiona-green/,1632287416,mailchimp,unread
https://www.climatetechjobs.com/jobs.html,https://www.climatetechjobs.com/jobs.html,1654864518,,unread
The Democrats’ Privileged College-Kid Problem - POLITICO,https://www.politico.com/news/magazine/2021/10/09/david-shor-democrats-privileged-college-kid-problem-514992?utm_source=pocket_discover,1634355246,,unread
Quitting Time Everywhere: A Guide to “The Great Resignation”,https://getpocket.com/collections/a-guide-to-the-great-resignation?utm_source=pocket-newtab,1635304190,,unread
https://makosecblog.com/malware-dev/malware-development-intro/,https://makosecblog.com/malware-dev/malware-development-intro/,1658723505,,unread
https://www.sans.org/mlp/holiday-hack-challenge/,https://www.sans.org/mlp/holiday-hack-challenge/,1661057706,,unread
First Steps to Getting Started in Open Source Research - bellingcat,https://www.bellingcat.com/resources/2021/11/09/first-steps-to-getting-started-in-open-source-research/,1642791234,bellingcat|osint,unread
"Dockerize your React, Django Rest Api Application and serve using nginx | b",https://parthkoshta.medium.com/dockerize-your-react-django-rest-api-application-and-serve-using-nginx-6f9ccf17105b,1640757241,django|docker|react,unread
The lofty goals and short life of the antiracist book club,https://www.vox.com/22734080/antiracist-book-club-robin-diangelo-ibram-kendi?utm_source=pocket-newtab,1637255508,,unread
Employment opportunities,https://mss.councilbluffs-ia.gov/mss/employmentopportunities/default.aspx,1638500031,,unread
Setting up SSH key with GitHub for Ubuntu | by Godlin Hilda J | featurepren,https://medium.com/featurepreneur/setting-up-ssh-key-with-github-for-ubuntu-cd8f2fabf25b,1638767228,github|ssh,unread
https://www.andreinc.net/2021/12/01/writing-a-simple-vm-in-less-than-125-lines-of-c,https://www.andreinc.net/2021/12/01/writing-a-simple-vm-in-less-than-125-lines-of-c,1646700641,c|nerd-stuff|operating systems,unread
New dads: the dangerous trend one therapist sees in first-time fathers.,https://slate.com/human-interest/2021/12/new-dad-depression-trend-therapy-help.html?utm_source=pocket-newtab,1639435093,,unread
What to Do When You Get an Omicron Breakthrough Infection - The Atlantic,https://www.theatlantic.com/health/archive/2021/12/omicron-breakthrough-vaccine-testing/621014/?utm_source=pocket-newtab,1639893050,,unread
Linux kernel exploit development - Breaking Bits,https://breaking-bits.gitbook.io/breaking-bits/exploit-development/linux-kernel-exploit-development,1641709577,cybersecurity|exploits|linux,unread
Django and React Gatsby using GraphQL API to create a blog | by Nerdlify | ,https://medium.com/@nerdlify/django-and-react-gatsby-using-graphql-api-to-create-a-blog-995633b99c8,1641876274,django|graphql|react,unread
https://getpocket.com/collections/how-real-are-the-generation-wars,https://getpocket.com/collections/how-real-are-the-generation-wars,1646430867,,unread
https://python.plainenglish.io/10-tools-to-help-claw-your-way-back-to-sanity-while-coding-python-df0af160c33e,https://python.plainenglish.io/10-tools-to-help-claw-your-way-back-to-sanity-while-coding-python-df0af160c33e,1644770535,nerd-stuff|programming|python,unread
rpilocator - Find Raspberry Pi Computers in Stock,https://rpilocator.com/,1663163158,nerd-stuff|raspberry pi,unread
The Ugly Truth of How Movie Scores Are Made | Vanity Fair,https://www.vanityfair.com/hollywood/2022/02/the-ugly-truth-of-how-movie-scores-are-made?utm_source=pocket-newtab,1645761250,,unread
How to Soundproof a Room,https://getpocket.com/explore/item/how-to-soundproof-a-room?utm_source=pocket-newtab,1648995199,,unread
Add External Python Libraries to AWS Lambda using Lambda Layers,https://www.linkedin.com/pulse/add-external-python-libraries-aws-lambda-using-layers-gabe-olokun,1649387230,aws|lambda|python,unread
Retrieving Cookies in Python - GeeksforGeeks,https://www.geeksforgeeks.org/retrieving-cookies-in-python/,1651292559,nerd-stuff|python,unread
Photo Storage Box Wood Collage Frame | Hobby Lobby | 526020,https://www.hobbylobby.com/Home-Decor-Frames/Frames-Photo-Albums/Picture-Frames/Photo-Storage-Box-Wood-Collage-Frame/p/38815,1651807554,,unread
Climate-Proofing Your Home: Improving Your Backup Power Supply,https://getpocket.com/explore/item/climate-proofing-your-home-improving-your-backup-power-supply?utm_source=pocket-newtab,1677083376,,unread
How to Set Up Dante Proxy for Private Connections on Ubuntu 22.04 | Digital,https://www.digitalocean.com/community/tutorials/how-to-set-up-dante-proxy-on-ubuntu-22-04,1655518137,cybersecurity|nerd-stuff,unread
Google Online Security Blog: SBOM in Action: finding vulnerabilities with a,https://security.googleblog.com/2022/06/sbom-in-action-finding-vulnerabilities.html,1669830651,cyber|sbom|work,unread
Api Security testing using Postman and Burpsuite - Pentestguy,https://pentestguy.com/api-security-testing-using-postman-and-burpsuite/,1672781902,,unread
"The future of remote work, according to 6 experts - Vox",https://www.vox.com/recode/23205039/future-remote-work-experts-promotion-recession,1658867001,,unread
Things we’ve learned working from home - The Verge,https://www.theverge.com/23220147/work-from-home-lessons-wfh,1659550603,,unread
https://portswigger.net/research/browser-powered-desync-attacks,https://portswigger.net/research/browser-powered-desync-attacks,1663892994,,unread
WSTG - Stable | OWASP Foundation,https://owasp.org/www-project-web-security-testing-guide/stable/2-Introduction/README#The-OWASP-Testing-Project,1660188993,,unread
https://www.rhcplivearchive.com/year/2003,https://www.rhcplivearchive.com/year/2003,1660263796,,unread
How TikTok Has Supercharged the Sleep-Training Debate,https://www.thecut.com/2022/09/sleep-training-debate-tiktok.html?sponsored=0&position=7&scheduled_corpus_item_id=67342e00-3edd-423a-a8fa-ac9b009f1252,1663338106,,unread
ESP-01S – Wi-fi Relay module for light remote control,https://www.geekering.com/categories/embedded-sytems/esp8266/ricardocarreira/esp-01s-wi-fi-relay-module-for-light-remote-control/,1664164016,,unread
Using an AWS Lambda Function to Send an Email After Form Submission | Scriv,https://docs.scrivito.com/using-an-aws-lambda-function-to-send-an-email-after-form-submission-f0e6697e59a381ba,1664830849,,unread
React.js contact form with AWS Lambda and SES to send email! (Part - 1),https://utpandey.hashnode.dev/reactjs-contact-form-with-aws-lambda-and-ses-to-send-email-part-1,1664940797,,unread
Myrient | Content Listing,https://myrient.erista.me/files/Redump/,1686249042,roms,unread
https://sacredground.click/howto/,https://sacredground.click/howto/,1666731681,,unread
"The Hunt for the Kingpin Behind AlphaBay, Part 1: The Shadow | WIRED",https://www.wired.com/story/alphabay-series-part-1-the-shadow/,1670362367,,unread
Letting Go of The ’90s - Longreads,https://longreads.com/2022/10/27/letting-go-of-the-90s/,1667325552,,unread
C# and Visual Basic - Use Roslyn to Write a Live Code Analyzer for Your API,https://learn.microsoft.com/en-us/archive/msdn-magazine/2014/special-issue/csharp-and-visual-basic-use-roslyn-to-write-a-live-code-analyzer-for-your-api,1666904592,,unread
Tutorial: Write your first analyzer and code fix | Microsoft Learn,https://learn.microsoft.com/en-us/dotnet/csharp/roslyn-sdk/tutorials/how-to-write-csharp-analyzer-code-fix,1666904594,,unread
How to Setup SSO with Azure OpenID Connect,https://www.howtogeek.com/devops/how-to-setup-sso-with-azure-openid-connect/,1686257394,azure|oau,unread
https://stackoverflow.com/questions/70076710/beeping-out-portions-of-an-audio-file-using-ffmpeg,https://stackoverflow.com/questions/70076710/beeping-out-portions-of-an-audio-file-using-ffmpeg,1669181377,,unread
John J Hacking,https://johnjhacking.com/blog/oscp-reborn-2023/,1675369254,cybersecurity|oscp,unread
"How to start WordPress plugin development with Docker, Part 1: Docker and A",https://blog.devgenius.io/how-to-start-wordpress-plugin-development-with-docker-part-1-docker-and-admin-panel-6ac9673c9a22,1695069804,development|docker|wordpress,unread
"From clothes to tech, why is everything so poorly made? - Vox",https://www.vox.com/the-goods/23529587/consumer-goods-quality-fast-fashion-technology?SANEBOX-2023_01_05=&sponsored=0&position=5&scheduled_corpus_item_id=5c4e5919-e408-4b2c-aa2b-19d7f02580e9,1672955684,,unread
"The pandemic killed my ambition, but I want it back | Fortune",https://fortune.com/2023/01/17/the-pandemic-killed-my-ambition-heres-how-to-get-it-back/,1674165838,,unread
"Three Years Into Covid, We Still Don’t Know How to Talk About It - The New ",https://www.nytimes.com/interactive/2023/02/22/magazine/covid-pandemic-oral-history.html,1677858110,,unread
https://dsp.stackexchange.com/questions/192/what-does-one-need-to-know-in-order-to-build-a-software-synthesizer#196,https://dsp.stackexchange.com/questions/192/what-does-one-need-to-know-in-order-to-build-a-software-synthesizer#196,1678036810,,unread
Using Amazon S3 Object Lambda to Dynamically Watermark Images as They Are R,https://aws.amazon.com/getting-started/hands-on/amazon-s3-object-lambda-to-dynamically-watermark-images/,1702845934,aws|robpetersphoto,unread
"Threat Modeling Guide: Components, Frameworks, Methods & Tools",https://www.comparitech.com/net-admin/threat-modeling-guide/#Components_of_a_Threat_Modeling_Process,1680114074,,unread
Room #956 - SyncTube,https://sync-tube.de/room/T3lOlnQF,1680118086,nerd-stuff|team-outing,unread
https://zeropointsecurity.teachable.com/p/c2-dev-csharp,https://zeropointsecurity.teachable.com/p/c2-dev-csharp,1680478186,,unread
Deity Microphones TC-1 Wireless Timecode Generator Box,https://www.bhphotovideo.com/c/product/1705806-REG/deity_microphones_dtt0272d81_tc_1_wireless_timecode_generator.html,1680617930,audio|recording,unread
OfficeDev-Samples/JsonWebTokenValidator.cs at master · dream-365/OfficeDev-,https://github.com/dream-365/OfficeDev-Samples/blob/master/samples/Office365DevQuickStart/OAuth2-basic/JsonWebTokenValidator.cs,1680813659,,unread
sbom-tool/docs/setting-up-ado-pipelines.md at main · microsoft/sbom-tool,https://github.com/microsoft/sbom-tool/blob/main/docs/setting-up-ado-pipelines.md,1698867830,ci/cd|cybersecurity|sbom,unread
Maldev Academy,https://maldevacademy.com/,1688585632,cybersecurity|future-purchase|malware|nerd-stuff,unread
Pedro Pascal's Fitness Routine for 'The Last of Us' Is Extremely Attainable,https://www.gq.com/story/pedro-pascal-last-of-us-fitness-routine,1683122759,,unread
https://diyodemag.com/projects/ultra_tiny_programming_attiny10_microcontroller,https://diyodemag.com/projects/ultra_tiny_programming_attiny10_microcontroller,1684728730,,unread
Up All Night With a Twitch Millionaire,https://getpocket.com/explore/item/up-all-night-with-a-twitch-millionaire-the-loneliness-and-rage-of-the-internet-s-new-rock-stars,1685458655,,unread
Set up an OAuth 2.0 HTTP connection to Azure Data Lake Storage Gen2 – Celig,https://docs.celigo.com/hc/en-us/articles/4403878083739-Set-up-an-OAuth-2-0-HTTP-connection-to-Azure-Data-Lake-Storage-Gen2,1684521394,,unread
AWS_certification_paths.pdf,https://d1.awsstatic.com/training-and-certification/docs/AWS_certification_paths.pdf,1689274612,career|nerd-stuff|security,unread
A Confession Exposes India’s Secret Hacking Industry,http://newyorker.com/news/annals-of-crime/a-confession-exposes-indias-secret-hacking-industry,1687405834,,unread
Running 16-bit applications on Windows 10 64-bit - Microsoft Community Hub,https://techcommunity.microsoft.com/t5/modern-work-app-consult-blog/running-16-bit-applications-on-windows-10-64-bit/ba-p/1671418,1697743498,,unread
Why Looking for a Job Is Getting More Miserable | Time,https://time.com/6287012/why-finding-job-is-difficult/,1687272002,,unread
How to Learn Game Design for Free on YouTube – Best Video Courses – GameDev,https://gamedevacademy.org/how-to-learn-game-design-for-free-on-youtube-best-video-courses/,1686933083,game design|nerd-stuff,unread
The Modern Farmhouse Is Today’s McMansion. And It’s Here to Stay. - The New,https://www.nytimes.com/2023/07/07/realestate/modern-farmhouse-suburbs.html,1689124899,,unread
Crowdsec & Traefik: Automating Security in Your Homelab,https://www.cinderblock.tech/p/crowdsec-traefik-automating-security-in-your-homelab/,1695871062,,unread
Lizzo’s Dethroning Has Been Swift | Vanity Fair,https://www.vanityfair.com/style/2023/08/lizzo-lawsuit,1695153327,,unread
A Modern C Development Environment | Interrupt,https://interrupt.memfault.com/blog/a-modern-c-dev-env,1700516865,c|container|docker,unread
Why I Returned to Renting After a Few Years of Home Ownership,https://www.dwell.com/article/why-i-returned-to-renting-after-a-few-years-of-home-ownership-532807fe?utm_source=pocket-newtab-en-us,1692137118,,unread
The Start Of Kindergarten Is The End Of Babyhood,https://www.romper.com/parenting/starting-kindergarten-is-the-end-of-babyhood?utm_source=pocket-newtab-en-us,1692384139,,unread
Amazon S3 examples using SDK for JavaScript (v3) - AWS SDK Code Examples,https://docs.aws.amazon.com/code-library/latest/ug/javascript_3_s3_code_examples.html#scenarios,1692673010,aws|photomanager|s3,unread
How to Trick Yourself Into Liking Classical Music,https://getpocket.com/explore/item/how-to-trick-yourself-into-liking-classical-music?utm_source=pocket-newtab-en-us,1701484907,,unread
How to Cook Your Way Through a Hectic School Year,https://getpocket.com/collections/how-to-cook-your-way-through-back-to-school-chaos,1698380548,,unread
LinkedIn API | Community Management API,https://developer.linkedin.com/product-catalog/marketing/community-management-api,1697732821,,unread
Free Linkedin feed widget for your website,https://www.sociablekit.com/free-widgets/free-linkedin-feed-widget-website/,1697738134,,unread
Posts API - LinkedIn | Microsoft Learn,https://learn.microsoft.com/en-us/linkedin/marketing/integrations/community-management/shares/posts-api?view=li-lms-2023-09&tabs=http#get-posts-by-urn,1697738929,,unread
Everyone Is a Luddite Now | WIRED,https://www.wired.com/story/everyone-is-a-luddite-now/,1698181374,,unread
Everyone Is a Luddite Now,https://www.wired.com/story/everyone-is-a-luddite-now/?utm_source=pocket-newtab-en-us,1698240625,,unread
Custom rule in Java - SonarQube / Writing rules - Sonar Community,https://community.sonarsource.com/t/custom-rule-in-java/92419/3,1698419151,,unread
The Last Repair Shop - Los Angeles Times,https://www.latimes.com/shortdocs/la-short-docs-the-last-repair-shop-123,1700929600,,unread
Childhood Independence Is a Mental-Health Issue,https://www.thecut.com/2023/10/childhood-independence-mental-health.html?&utm_source=fb&utm_medium=social_paid&utm_campaign=content_asc&utm_term=6490132997407,1703775974,,unread
"Explore 45,000  climate jobs at Terra.do at 5,000  companies",https://www.terra.do/climate-jobs/job-board/?q=Security&isEpp=false&recent=true&remote=true&function=eng_software,1704232864,,unread
Why Parents Struggle So Much in the World's Richest Country - The Atlantic,https://www.theatlantic.com/family/archive/2024/01/america-failed-parents-rich-countries-raising-kids/677023/,1704685258,,unread
2022 Ford Maverick Truck Parts,https://www.1aauto.com/2022-ford-maverick-truck-parts/y-mo/2022-3146,1705889444,,unread
Studying an InSpec Profile | SAF InSpec Profile Developer,https://mitre-inspec-developer.netlify.app/course/03.html#studying-an-inspec-profile,1706035568,,unread
Bullfrog synthesizer review — The MagPi magazine,https://magpi.raspberrypi.com/articles/bullfrog-synthesizer-review?mc_cid=e5d7021154,1707258400,music tech|nerd-stuff|raspberry pi,unread
CRXcavator,https://crxcavator.io/report/bug-magnet?platform=Firefox&new_scan=true,1707335755,cybersecurity|security,unread
What Happened in 2004?,https://www.esquire.com/entertainment/a46603107/2004-facebook-the-apprentice-janet-jackson-wardrobe-malfunction/?utm_source=pocket-newtab-en-us,1709218706,,unread
Quiet quitting and RTO: What new lingo says about the workplace - Los Angel,https://www.latimes.com/business/story/2024-03-04/quiet-quitting-rto-coffee-badging-what-this-new-vocabulary-says-about-the-workplace?MACMILLAN-2024_03_04=&sponsored=0&position=6&category=fascinating_stories&scheduled_corpus_item_id=a47811b6-7a9f-4466-935f-2d5917d42225&url=https://www.latimes.com/business/story/2024-03-04/quiet-quitting-rto-coffee-badging-what-this-new-vocabulary-says-about-the-workplace,1709657497,,unread
Cabaret’s Endurance Run: The Untold History | Vanity Fair,https://www.vanityfair.com/style/cabaret-revival,1711574953,,unread
"Where the wild things are: the untapped potential of our gardens, parks and",https://www.theguardian.com/lifeandstyle/article/2024/may/28/where-the-wild-things-are-the-untapped-potential-of-our-gardens-parks-and-balconies,1716996701,,unread
What are the biggest moments of the past decade? - Vox,https://www.vox.com/life/24159041/trump-abortion-marvel-ai-china-kardashian-decade-explained,1717534581,,unread
17FD Overview : Livrvtrailers,https://www.livrvtrailers.com/17fd-overview,1719035000,,unread
Why the Markets Are Melting Down - The Atlantic,https://www.theatlantic.com/ideas/archive/2024/08/global-stock-markets-fall-yen/679369/,1723042390,,unread
The Decline of the Working Musician | The New Yorker,https://www.newyorker.com/magazine/2024/10/28/band-people-franz-nicolay-book-review,1729629888,,unread
Zenfolio Plans & Pricing,https://zenfolio.com/plans-pricing/,1729743868,,unread
How a Mole Infiltrated the Highest Ranks of American Militias — ProPublica,https://www.propublica.org/article/ap3-oath-keepers-militia-mole,1736286860,,unread
DeepSeek Local: How to Self-Host DeepSeek (Privacy and Control),https://linuxblog.io/deepseek-local-self-host/,1740545543,,unread
AI Voice Conversion | FakeYou,https://fakeyou.com/voice-conversion,1742528311,,unread
Home | Kindle Modding Wiki,https://kindlemodding.org/,1744221092,hardware-hacking|nerd-stuff|reading,unread
